team_a,team_b,Abyss,Ascent,Haven,Lotus,Split,Summit,Sunset
100 Thieves,Paper Rex,48.3,47.7,39.3,44.4,58.9,51.4,57.6
100 Thieves,NRG,52.4,62.1,36.8,52.2,54.1,50.1,63.1
100 Thieves,Karmine Corp,59.9,59.6,55.9,68.0,60.4,56.7,61.3
100 Thieves,Nongshim RedForce,62.9,64.1,53.0,61.8,54.2,61.8,62.8
100 Thieves,LOUD,62.3,65.5,51.8,63.3,62.4,66.3,68.0
100 Thieves,Team Vitality,61.3,66.1,55.3,64.9,64.0,61.7,73.3
100 Thieves,G2 Esports,63.3,68.6,59.6,67.0,58.7,64.9,69.4
100 Thieves,Global Esports,60.4,70.4,53.8,61.6,72.7,65.1,76.6
100 Thieves,FUT Esports,63.9,69.8,56.7,67.0,64.4,68.4,74.4
100 Thieves,Team Liquid,65.7,75.0,54.7,62.0,66.9,70.3,78.8
100 Thieves,EDward Gaming,68.6,72.5,59.9,69.0,70.6,67.8,76.8
100 Thieves,TYLOO,70.6,76.1,64.4,72.9,77.2,70.9,79.4
100 Thieves,T1,73.0,77.2,65.7,77.6,74.8,77.8,79.1
100 Thieves,Xi Lai Gaming,74.0,77.9,65.8,74.2,76.3,73.6,82.2
100 Thieves,JD Gaming,76.6,78.8,67.9,76.6,76.6,76.0,84.0
Paper Rex,100 Thieves,51.7,52.3,60.7,55.6,41.1,48.6,42.4
Paper Rex,NRG,52.9,63.0,46.1,56.6,43.9,47.5,54.6
Paper Rex,Karmine Corp,61.5,61.8,66.1,72.7,51.5,55.3,53.8
Paper Rex,Nongshim RedForce,63.9,65.6,62.9,66.4,44.6,59.9,54.8
Paper Rex,LOUD,62.3,66.0,60.8,66.9,52.0,63.5,59.4
Paper Rex,Team Vitality,62.9,68.1,65.6,69.8,55.3,60.4,66.9
Paper Rex,G2 Esports,68.3,73.6,72.6,74.8,53.6,67.0,66.1
Paper Rex,Global Esports,62.0,72.2,64.2,66.8,65.0,63.9,70.7
Paper Rex,FUT Esports,65.4,71.7,66.9,71.8,55.8,67.2,68.2
Paper Rex,Team Liquid,68.9,78.0,66.7,68.8,60.3,70.7,74.6
Paper Rex,EDward Gaming,70.1,74.2,69.7,73.6,62.6,66.6,70.9
Paper Rex,TYLOO,72.0,77.7,73.6,77.1,70.3,69.8,74.0
Paper Rex,T1,72.9,77.5,73.3,80.1,65.8,75.4,72.2
Paper Rex,Xi Lai Gaming,75.3,79.5,74.8,78.3,69.2,72.6,77.3
Paper Rex,JD Gaming,77.8,80.3,76.5,80.4,69.5,75.0,79.5
NRG,100 Thieves,47.6,37.9,63.2,47.8,45.9,49.9,36.9
NRG,Paper Rex,47.1,37.0,53.9,43.4,56.1,52.5,45.4
NRG,Karmine Corp,60.6,50.5,71.1,68.8,59.5,59.7,51.1
NRG,Nongshim RedForce,63.5,55.3,68.6,62.7,53.2,64.6,52.8
NRG,LOUD,59.6,53.2,64.4,60.9,58.1,65.8,54.9
NRG,Team Vitality,60.2,55.6,69.1,64.0,61.3,62.8,62.8
NRG,G2 Esports,62.2,58.4,72.6,66.2,55.9,65.9,58.2
NRG,Global Esports,59.3,60.4,67.7,60.7,70.4,66.2,66.8
NRG,FUT Esports,62.8,59.7,70.2,66.1,61.7,69.4,64.1
NRG,Team Liquid,64.7,65.8,68.5,61.1,64.3,71.2,69.5
NRG,EDward Gaming,67.7,62.8,72.9,68.2,68.2,68.8,67.0
NRG,TYLOO,69.6,67.2,76.5,72.2,75.1,71.9,70.3
NRG,T1,70.6,66.9,76.2,75.6,71.1,77.3,68.4
NRG,Xi Lai Gaming,73.1,69.4,77.6,73.4,74.2,74.5,73.9
NRG,JD Gaming,75.8,70.5,79.2,75.9,74.5,76.8,76.3
Karmine Corp,100 Thieves,40.1,40.4,44.1,32.0,39.6,43.3,38.7
Karmine Corp,Paper Rex,38.5,38.2,33.9,27.3,48.5,44.7,46.2
Karmine Corp,NRG,39.4,49.5,28.9,31.2,40.5,40.3,48.9
Karmine Corp,Nongshim RedForce,53.2,54.8,47.1,43.2,43.7,55.3,51.7
Karmine Corp,LOUD,50.9,54.6,44.2,43.2,50.5,58.4,55.7
Karmine Corp,Team Vitality,51.5,56.9,49.5,46.5,53.8,55.2,63.5
Karmine Corp,G2 Esports,53.6,59.7,53.8,48.9,48.2,58.5,58.9
Karmine Corp,Global Esports,50.5,61.7,47.9,43.1,63.6,58.8,67.5
Karmine Corp,FUT Esports,54.2,61.0,50.9,48.9,54.2,62.3,64.8
Karmine Corp,Team Liquid,57.8,68.4,50.4,45.1,58.6,65.8,71.5
Karmine Corp,EDward Gaming,59.5,64.1,54.1,51.2,61.1,61.7,67.7
Karmine Corp,TYLOO,61.7,68.4,58.8,55.9,69.0,65.1,70.9
Karmine Corp,T1,62.8,68.1,58.5,60.3,64.4,71.3,69.0
Karmine Corp,Xi Lai Gaming,67.3,72.1,62.1,59.3,69.5,69.7,75.9
Karmine Corp,JD Gaming,68.7,71.6,62.5,60.7,68.2,70.7,76.9
Nongshim RedForce,100 Thieves,37.1,35.9,47.0,38.2,45.8,38.2,37.2
Nongshim RedForce,Paper Rex,36.1,34.4,37.1,33.6,55.4,40.1,45.2
Nongshim RedForce,NRG,36.5,44.7,31.4,37.3,46.8,35.4,47.2
Nongshim RedForce,Karmine Corp,46.8,45.2,52.9,56.8,56.3,44.7,48.3
Nongshim RedForce,LOUD,47.7,49.8,47.1,50.0,56.8,53.2,54.0
Nongshim RedForce,Team Vitality,48.4,52.2,52.4,53.3,60.1,49.9,61.9
Nongshim RedForce,G2 Esports,50.4,55.0,56.7,55.7,54.6,53.3,57.3
Nongshim RedForce,Global Esports,45.7,55.4,49.2,48.2,67.8,51.9,64.5
Nongshim RedForce,FUT Esports,51.1,56.4,53.8,55.7,60.5,57.2,63.2
Nongshim RedForce,Team Liquid,53.1,62.7,51.7,50.2,63.1,59.3,68.7
Nongshim RedForce,EDward Gaming,56.4,59.6,57.0,57.9,67.0,56.5,66.2
Nongshim RedForce,TYLOO,58.6,64.1,61.6,62.5,74.1,60.1,69.5
Nongshim RedForce,T1,59.8,63.8,61.3,66.6,70.0,66.7,67.6
Nongshim RedForce,Xi Lai Gaming,62.7,66.4,63.1,64.0,73.2,63.3,73.2
Nongshim RedForce,JD Gaming,65.9,67.6,65.2,66.9,73.5,66.2,75.7
LOUD,100 Thieves,37.7,34.5,48.2,36.7,37.6,33.7,32.0
LOUD,Paper Rex,37.7,34.0,39.2,33.1,48.0,36.5,40.6
LOUD,NRG,40.4,46.8,35.6,39.1,41.9,34.2,45.1
LOUD,Karmine Corp,49.1,45.4,55.8,56.8,49.5,41.6,44.3
LOUD,Nongshim RedForce,52.3,50.2,52.9,50.0,43.2,46.8,46.0
LOUD,Team Vitality,50.7,52.4,55.2,53.3,53.3,46.7,58.1
LOUD,G2 Esports,52.7,55.2,59.5,55.7,47.8,50.1,53.3
LOUD,Global Esports,49.7,57.3,53.7,49.8,63.1,50.4,62.3
LOUD,FUT Esports,53.4,56.6,56.6,55.7,53.8,54.0,59.4
LOUD,Team Liquid,55.4,62.8,54.6,50.2,56.5,56.2,65.1
LOUD,EDward Gaming,60.5,61.6,61.6,59.7,62.5,55.2,64.2
LOUD,TYLOO,60.9,64.3,64.3,62.5,68.5,57.0,66.0
LOUD,T1,62.0,64.0,64.0,66.6,64.0,63.8,64.0
LOUD,Xi Lai Gaming,64.9,66.6,65.7,64.0,67.4,60.3,69.9
LOUD,JD Gaming,67.9,67.8,67.8,66.9,67.8,63.2,72.6
Team Vitality,100 Thieves,38.7,33.9,44.7,35.1,36.0,38.3,26.7
Team Vitality,Paper Rex,37.1,31.9,34.4,30.2,44.7,39.6,33.1
Team Vitality,NRG,39.8,44.4,30.9,36.0,38.7,37.2,37.2
Team Vitality,Karmine Corp,48.5,43.1,50.5,53.5,46.2,44.8,36.5
Team Vitality,Nongshim RedForce,51.6,47.8,47.6,46.7,39.9,50.1,38.1
Team Vitality,LOUD,49.3,47.6,44.8,46.7,46.7,53.3,41.9
Team Vitality,G2 Esports,52.1,52.9,54.3,52.4,44.4,53.4,45.2
Team Vitality,Global Esports,50.9,56.8,50.3,48.4,61.7,55.5,56.2
Team Vitality,FUT Esports,52.7,54.3,51.4,52.4,50.4,57.3,51.4
Team Vitality,Team Liquid,54.8,60.6,49.3,46.9,53.2,59.5,57.4
Team Vitality,EDward Gaming,58.0,57.5,54.6,54.6,57.5,56.7,54.6
Team Vitality,TYLOO,60.2,62.1,59.3,59.3,65.6,60.2,58.4
Team Vitality,T1,61.4,61.7,59.0,63.5,60.8,66.8,56.2
Team Vitality,Xi Lai Gaming,64.3,64.4,60.9,60.9,64.4,63.4,62.7
Team Vitality,JD Gaming,67.4,65.7,63.0,63.9,64.8,66.3,65.7
G2 Esports,100 Thieves,36.7,31.4,40.4,33.0,41.3,35.1,30.6
G2 Esports,Paper Rex,31.7,26.4,27.4,25.2,46.4,33.0,33.9
G2 Esports,NRG,37.8,41.6,27.4,33.8,44.1,34.1,41.8
G2 Esports,Karmine Corp,46.4,40.3,46.2,51.1,51.8,41.5,41.1
G2 Esports,Nongshim RedForce,49.6,45.0,43.3,44.3,45.4,46.7,42.7
G2 Esports,LOUD,47.3,44.8,40.5,44.3,52.2,49.9,46.7
G2 Esports,Team Vitality,47.9,47.1,45.7,47.6,55.6,46.6,54.8
G2 Esports,Global Esports,46.9,52.1,44.1,44.2,65.2,50.3,59.1
G2 Esports,FUT Esports,50.6,51.4,47.0,50.0,56.0,54.0,56.2
G2 Esports,Team Liquid,52.7,57.8,45.0,44.6,58.7,56.1,62.1
G2 Esports,EDward Gaming,56.0,54.6,50.3,52.3,62.8,53.3,59.3
G2 Esports,TYLOO,60.0,61.1,56.9,58.8,72.0,58.8,64.7
G2 Esports,T1,59.4,59.0,54.7,61.3,66.0,63.8,60.8
G2 Esports,Xi Lai Gaming,62.3,61.8,56.6,58.6,69.4,60.2,67.1
G2 Esports,JD Gaming,65.5,63.0,58.9,61.7,69.7,63.2,69.9
Global Esports,100 Thieves,39.6,29.6,46.2,38.4,27.3,34.9,23.4
Global Esports,Paper Rex,38.0,27.8,35.8,33.2,35.0,36.1,29.3
Global Esports,NRG,40.7,39.6,32.3,39.3,29.6,33.8,33.2
Global Esports,Karmine Corp,49.5,38.3,52.1,56.9,36.4,41.2,32.5
Global Esports,Nongshim RedForce,54.3,44.6,50.8,51.8,32.2,48.1,35.5
Global Esports,LOUD,50.3,42.7,46.3,50.2,36.9,49.6,37.7
Global Esports,Team Vitality,49.1,43.2,49.7,51.6,38.3,44.5,43.8
Global Esports,G2 Esports,53.1,47.9,55.9,55.8,34.8,49.7,40.9
Global Esports,FUT Esports,53.7,49.3,52.9,55.8,40.5,53.7,47.0
Global Esports,Team Liquid,55.7,55.8,50.9,50.4,43.2,55.8,53.1
Global Esports,EDward Gaming,59.0,52.6,56.1,58.1,47.4,53.0,50.2
Global Esports,TYLOO,61.2,57.3,60.8,62.6,56.0,56.6,54.1
Global Esports,T1,62.3,57.0,60.5,66.7,50.9,63.5,51.8
Global Esports,Xi Lai Gaming,65.2,59.8,62.3,64.1,54.8,59.9,58.5
Global Esports,JD Gaming,68.2,61.1,64.5,67.1,55.1,62.9,61.6
FUT Esports,100 Thieves,36.1,30.2,43.3,33.0,35.6,31.6,25.6
FUT Esports,Paper Rex,34.6,28.3,33.1,28.2,44.2,32.8,31.8
FUT Esports,NRG,37.2,40.3,29.8,33.9,38.3,30.6,35.9
FUT Esports,Karmine Corp,45.8,39.0,49.1,51.1,45.8,37.7,35.2
FUT Esports,Nongshim RedForce,48.9,43.6,46.2,44.3,39.5,42.8,36.8
FUT Esports,LOUD,46.6,43.4,43.4,44.3,46.2,46.0,40.6
FUT Esports,Team Vitality,47.3,45.7,48.6,47.6,49.6,42.7,48.6
FUT Esports,G2 Esports,49.4,48.6,53.0,50.0,44.0,46.0,43.8
FUT Esports,Global Esports,46.3,50.7,47.1,44.2,59.5,46.3,53.0
FUT Esports,Team Liquid,52.0,56.5,47.9,44.6,52.8,52.2,56.1
FUT Esports,EDward Gaming,55.3,53.2,53.2,52.3,57.0,49.3,53.2
FUT Esports,TYLOO,57.6,58.0,58.0,57.0,65.2,53.0,57.0
FUT Esports,T1,58.7,57.6,57.6,61.3,60.4,60.0,54.8
FUT Esports,Xi Lai Gaming,61.7,60.4,59.5,58.6,64.0,56.3,61.4
FUT Esports,JD Gaming,66.6,63.5,63.5,63.5,66.1,61.2,66.1
Team Liquid,100 Thieves,34.3,25.0,45.3,38.0,33.1,29.7,21.2
Team Liquid,Paper Rex,31.1,22.0,33.3,31.2,39.7,29.3,25.4
Team Liquid,NRG,35.3,34.2,31.5,38.9,35.7,28.8,30.5
Team Liquid,Karmine Corp,42.2,31.6,49.6,54.9,41.4,34.2,28.5
Team Liquid,Nongshim RedForce,46.9,37.3,48.3,49.8,36.9,40.7,31.3
Team Liquid,LOUD,44.6,37.2,45.4,49.8,43.5,43.8,34.9
Team Liquid,Team Vitality,45.2,39.4,50.7,53.1,46.8,40.5,42.6
Team Liquid,G2 Esports,47.3,42.2,55.0,55.4,41.3,43.9,37.9
Team Liquid,Global Esports,44.3,44.2,49.1,49.6,56.8,44.2,46.9
Team Liquid,FUT Esports,48.0,43.5,52.1,55.4,47.2,47.8,43.9
Team Liquid,EDward Gaming,53.3,46.8,55.3,57.7,54.3,47.1,47.1
Team Liquid,TYLOO,55.6,51.5,60.0,62.3,62.6,50.8,51.0
Team Liquid,T1,56.8,51.2,59.6,66.3,57.7,57.9,48.7
Team Liquid,Xi Lai Gaming,59.8,54.1,61.5,63.8,61.4,54.2,55.4
Team Liquid,JD Gaming,63.1,55.4,63.6,66.7,61.8,57.3,58.6
EDward Gaming,100 Thieves,31.4,27.5,40.1,31.0,29.4,32.2,23.2
EDward Gaming,Paper Rex,29.9,25.8,30.3,26.4,37.4,33.4,29.1
EDward Gaming,NRG,32.3,37.2,27.1,31.8,31.8,31.2,33.0
EDward Gaming,Karmine Corp,40.5,35.9,45.9,48.8,38.9,38.3,32.3
EDward Gaming,Nongshim RedForce,43.6,40.4,43.0,42.1,33.0,43.5,33.8
EDward Gaming,LOUD,39.5,38.4,38.4,40.3,37.5,44.8,35.8
EDward Gaming,Team Vitality,42.0,42.5,45.4,45.4,42.5,43.3,45.4
EDward Gaming,G2 Esports,44.0,45.4,49.7,47.7,37.2,46.7,40.7
EDward Gaming,Global Esports,41.0,47.4,43.9,41.9,52.6,47.0,49.8
EDward Gaming,FUT Esports,44.7,46.8,46.8,47.7,43.0,50.7,46.8
EDward Gaming,Team Liquid,46.7,53.2,44.7,42.3,45.7,52.9,52.9
EDward Gaming,TYLOO,52.3,54.8,54.8,54.8,58.5,53.7,53.8
EDward Gaming,T1,53.5,54.4,54.4,59.1,53.5,60.7,51.6
EDward Gaming,Xi Lai Gaming,56.5,57.3,56.4,56.4,57.3,57.0,58.2
EDward Gaming,JD Gaming,59.9,58.6,58.6,59.5,57.7,60.0,61.4
TYLOO,100 Thieves,29.4,23.9,35.6,27.1,22.8,29.1,20.6
TYLOO,Paper Rex,28.0,22.3,26.4,22.9,29.7,30.2,26.0
TYLOO,NRG,30.4,32.8,23.5,27.8,24.9,28.1,29.7
TYLOO,Karmine Corp,38.3,31.6,41.2,44.1,31.0,34.9,29.1
TYLOO,Nongshim RedForce,41.4,35.9,38.4,37.5,25.9,39.9,30.5
TYLOO,LOUD,39.1,35.7,35.7,37.5,31.5,43.0,34.0
TYLOO,Team Vitality,39.8,37.9,40.7,40.7,34.4,39.8,41.6
TYLOO,G2 Esports,40.0,38.9,43.1,41.2,28.0,41.2,35.3
TYLOO,Global Esports,38.8,42.7,39.2,37.4,44.0,43.4,45.9
TYLOO,FUT Esports,42.4,42.0,42.0,43.0,34.8,47.0,43.0
TYLOO,Team Liquid,44.4,48.5,40.0,37.7,37.4,49.2,49.0
TYLOO,EDward Gaming,47.7,45.2,45.2,45.2,41.5,46.3,46.2
TYLOO,T1,51.2,49.7,49.7,54.4,44.9,57.1,47.7
TYLOO,Xi Lai Gaming,54.3,52.6,51.6,51.6,48.7,53.4,54.5
TYLOO,JD Gaming,59.3,55.5,55.5,56.4,50.7,58.0,59.3
T1,100 Thieves,27.0,22.8,34.3,22.4,25.2,22.2,20.9
T1,Paper Rex,27.1,22.5,26.7,19.9,34.2,24.6,27.8
T1,NRG,29.4,33.1,23.8,24.4,28.9,22.7,31.6
T1,Karmine Corp,37.2,31.9,41.5,39.7,35.6,28.7,31.0
T1,Nongshim RedForce,40.2,36.2,38.7,33.4,30.0,33.3,32.4
T1,LOUD,38.0,36.0,36.0,33.4,36.0,36.2,36.0
T1,Team Vitality,38.6,38.3,41.0,36.5,39.2,33.2,43.8
T1,G2 Esports,40.6,41.0,45.3,38.7,34.0,36.2,39.2
T1,Global Esports,37.7,43.0,39.5,33.3,49.1,36.5,48.2
T1,FUT Esports,41.3,42.4,42.4,38.7,39.6,40.0,45.2
T1,Team Liquid,43.2,48.8,40.4,33.7,42.3,42.1,51.3
T1,EDward Gaming,46.5,45.6,45.6,40.9,46.5,39.3,48.4
T1,TYLOO,48.8,50.3,50.3,45.6,55.1,42.9,52.3
T1,Xi Lai Gaming,53.1,52.9,51.9,47.2,53.9,46.2,56.7
T1,JD Gaming,56.5,54.2,54.2,50.4,54.2,49.4,59.9
Xi Lai Gaming,100 Thieves,26.0,22.1,34.2,25.8,23.7,26.4,17.8
Xi Lai Gaming,Paper Rex,24.7,20.5,25.2,21.7,30.8,27.4,22.7
Xi Lai Gaming,NRG,26.9,30.6,22.4,26.6,25.8,25.5,26.1
Xi Lai Gaming,Karmine Corp,32.7,27.9,37.9,40.7,30.5,30.3,24.1
Xi Lai Gaming,Nongshim RedForce,37.3,33.6,36.9,36.0,26.8,36.7,26.8
Xi Lai Gaming,LOUD,35.1,33.4,34.3,36.0,32.6,39.7,30.1
Xi Lai Gaming,Team Vitality,35.7,35.6,39.1,39.1,35.6,36.6,37.3
Xi Lai Gaming,G2 Esports,37.7,38.2,43.4,41.4,30.6,39.8,32.9
Xi Lai Gaming,Global Esports,34.8,40.2,37.7,35.9,45.2,40.1,41.5
Xi Lai Gaming,FUT Esports,38.3,39.6,40.5,41.4,36.0,43.7,38.6
Xi Lai Gaming,Team Liquid,40.2,45.9,38.5,36.2,38.6,45.8,44.6
Xi Lai Gaming,EDward Gaming,43.5,42.7,43.6,43.6,42.7,43.0,41.8
Xi Lai Gaming,TYLOO,45.7,47.4,48.4,48.4,51.3,46.6,45.5
Xi Lai Gaming,T1,46.9,47.1,48.1,52.8,46.1,53.8,43.3
Xi Lai Gaming,JD Gaming,53.5,51.3,52.3,53.3,50.4,53.1,53.3
JD Gaming,100 Thieves,23.4,21.2,32.1,23.4,23.4,24.0,16.0
JD Gaming,Paper Rex,22.2,19.7,23.5,19.6,30.5,25.0,20.5
JD Gaming,NRG,24.2,29.5,20.8,24.1,25.5,23.2,23.7
JD Gaming,Karmine Corp,31.3,28.4,37.5,39.3,31.8,29.3,23.1
JD Gaming,Nongshim RedForce,34.1,32.4,34.8,33.1,26.5,33.8,24.3
JD Gaming,LOUD,32.1,32.2,32.2,33.1,32.2,36.8,27.4
JD Gaming,Team Vitality,32.6,34.3,37.0,36.1,35.2,33.7,34.3
JD Gaming,G2 Esports,34.5,37.0,41.1,38.3,30.3,36.8,30.1
JD Gaming,Global Esports,31.8,38.9,35.5,32.9,44.9,37.1,38.4
JD Gaming,FUT Esports,33.4,36.5,36.5,36.5,33.9,38.8,33.9
JD Gaming,Team Liquid,36.9,44.6,36.4,33.3,38.2,42.7,41.4
JD Gaming,EDward Gaming,40.1,41.4,41.4,40.5,42.3,40.0,38.6
JD Gaming,TYLOO,40.7,44.5,44.5,43.6,49.3,42.0,40.7
JD Gaming,T1,43.5,45.8,45.8,49.6,45.8,50.6,40.1
JD Gaming,Xi Lai Gaming,46.5,48.7,47.7,46.7,49.6,46.9,46.7
