Row team win % vs column (Bo1),100 Thieves,Paper Rex,NRG,Karmine Corp,Nongshim RedForce,LOUD,Team Vitality,G2 Esports,Global Esports,FUT Esports,Team Liquid,EDward Gaming,TYLOO,T1,Xi Lai Gaming,JD Gaming
100 Thieves,,48.6,52.1,57.7,59.2,60.7,61.1,61.8,62.1,63.3,63.7,65.0,68.1,71.9,69.3,71.3
Paper Rex,51.4,,52.6,59.1,60.2,60.0,62.5,64.6,62.1,63.6,65.4,66.0,68.9,68.8,70.4,72.5
NRG,47.9,47.4,,57.3,59.5,57.5,59.8,59.4,62.6,60.7,62.6,64.1,67.0,66.5,68.8,70.5
Karmine Corp,42.3,40.9,42.7,,51.2,50.9,53.0,53.1,57.0,53.3,57.0,58.6,61.6,61.2,65.2,64.6
Nongshim RedForce,40.8,39.8,40.5,48.8,,50.3,52.0,54.0,51.8,54.9,57.7,56.2,59.6,63.0,60.9,63.2
LOUD,39.3,40.0,42.5,49.1,49.7,,52.4,52.4,52.8,54.0,55.0,58.7,60.7,60.6,62.0,63.6
Team Vitality,38.9,37.5,40.2,47.0,48.0,47.6,,51.9,54.3,51.6,54.0,55.0,57.7,58.7,60.3,62.0
G2 Esports,38.2,35.4,40.6,46.9,46.0,47.6,48.1,,50.3,50.9,55.0,53.5,57.5,58.3,58.9,60.0
Global Esports,37.9,37.9,37.4,43.0,48.2,47.2,45.7,49.7,,51.9,52.6,52.1,55.3,57.9,57.4,59.7
FUT Esports,36.7,36.4,39.3,46.7,45.1,46.0,48.4,49.1,48.1,,52.2,52.6,55.8,56.8,58.1,60.4
Team Liquid,36.3,34.6,37.4,43.0,42.3,45.0,46.0,45.0,47.4,47.8,,52.1,53.8,55.5,57.1,58.6
EDward Gaming,35.0,34.0,35.9,41.4,43.8,41.3,45.0,46.5,47.9,47.4,47.9,,53.5,53.4,55.3,57.3
TYLOO,31.9,31.1,33.0,38.4,40.4,39.3,42.3,42.5,44.7,44.2,46.2,46.5,,49.9,52.0,55.0
T1,28.1,31.2,33.5,38.8,37.0,39.4,41.3,41.7,42.1,43.2,44.5,46.6,50.1,,52.1,53.1
Xi Lai Gaming,30.7,29.6,31.2,34.8,39.1,38.0,39.7,41.1,42.6,41.9,42.9,44.7,48.0,47.9,,52.3
JD Gaming,28.7,27.5,29.5,35.4,36.8,36.4,38.0,40.0,40.3,39.6,41.4,42.7,45.0,46.9,47.7,
